timestamp,market1Id,market2Id,market1Slug,market2Slug,market1Question,market2Question,market1YesPrice,market2YesPrice,relationshipType,confidenceScore,tradingRationale,expectedEdge,leaderId,followerId,leaderEndDate,timeGap,timeGapDays
2025-12-27T01:30:12.180Z,663850,916439,maduro-out-in-2025,us-x-venezuela-military-engagement-by,"Maduro out by March 31, 2026?","US x Venezuela military engagement by January 31, 2026?",,,SAME_OUTCOME,0.63,"If leader resolves YES, buy (or add to) follower YES: a verified US–Venezuela military engagement meaningfully raises the chance of Maduro leaving office by 3/31/2026 via increased internal instability, heightened elite defection risk, and/or externally driven transition pressure. If leader resolves NO, reduce/avoid follower YES exposure (or modestly sell/short follower YES if priced as if conflict were likely), since one major pathway to rapid regime change has failed to materialize—though Maduro could still exit for unrelated domestic reasons.","The leader market resolves ~59 days earlier and provides a discrete, high-salience signal about escalation. If engagement occurs, the follower market often lags in repricing regime-change probability (due to ambiguity about what 'engagement' implies and slow incorporation of political knock-on effects), creating a window to buy follower YES before it fully reflects the increased likelihood of Maduro being out by the later date.",916439,663850,2026-01-31T00:00:00Z,59d 12h,
2025-12-27T01:31:13.330Z,916440,916438,maduro-out-in-2025,us-x-venezuela-military-engagement-by,"Maduro out by January 31, 2026?","US x Venezuela military engagement by January 15, 2026?",,,SAME_OUTCOME,0.62,"If leader resolves YES, bet follower YES (military engagement materially raises near-term regime-instability/exit odds, but does not deterministically decide the follower market). If leader resolves NO, lean follower NO (absence of engagement removes a major near-term catalyst for Maduro leaving office within the following 16 days), unless other independent signals strongly support an exit.","The leader market resolves to a crisp, verifiable fact (engagement happened or not) 16 days earlier. That resolution is new, high-salience information that should shift the probability of Maduro being out by 1/31/2026, but the follower market can remain mispriced briefly because 'engagement' is not identical to 'Maduro out' and traders may under/overreact; the trade captures this lagged repricing.",916438,916440,2026-01-15T00:00:00Z,16d 12h,
2025-12-27T01:32:07.503Z,836172,916438,maduro-out-in-2025,us-x-venezuela-military-engagement-by,"Maduro out by December 31, 2026?","US x Venezuela military engagement by January 15, 2026?",,,SAME_OUTCOME,0.62,"If leader resolves YES, buy follower YES (US-Venezuela military engagement materially increases the probability Maduro is out by end-2026, but does not determine it). If leader resolves NO, sell/avoid follower YES (absence of engagement removes a major regime-change pathway, lowering the odds Maduro is out, though other removal paths remain).","The leader market resolves ~350 days earlier and provides a sharp, publicly verifiable geopolitical signal that should update beliefs about regime stability. If traders under-react or update slowly in the longer-dated Maduro market, you can capture edge by trading the follower immediately after the leader resolves.",916438,836172,2026-01-15T00:00:00Z,350d 12h,
2025-12-27T01:32:30.542Z,836172,664747,maduro-out-in-2025,us-x-venezuela-military-engagement-by,"Maduro out by December 31, 2026?","US x Venezuela military engagement by March 31, 2026?",,,SAME_OUTCOME,0.62,"If leader resolves YES, bet follower YES (increase exposure), because a confirmed US–Venezuela military engagement materially raises the probability that Maduro is removed by end-2026 (via coercion, negotiated exit, coup dynamics, or loss of regime control). If leader resolves NO, lean follower NO / reduce YES exposure, because the absence of direct US military engagement removes a major accelerant for near-term regime turnover, making Maduro-out by end-2026 less likely than it would be under an engagement scenario.","The leader market resolves ~9 months earlier and will deliver a discrete, high-salience update about escalation level and US willingness to intervene. Follower pricing may underreact or adjust slowly (or only partially) to that resolution because 'military engagement' is a narrower trigger than 'Maduro out' and traders may debate mechanisms; capturing the post-resolution repricing in the follower is the information-asymmetry edge.",664747,836172,2026-03-31T00:00:00Z,275d 12h,
2025-12-27T01:32:50.603Z,836172,916439,maduro-out-in-2025,us-x-venezuela-military-engagement-by,"Maduro out by December 31, 2026?","US x Venezuela military engagement by January 31, 2026?",,,SAME_OUTCOME,0.62,"If leader resolves YES, buy follower YES (Maduro out) because a US–Venezuela military engagement substantially increases the likelihood of regime destabilization, elite defections, negotiated exit, or removal within the following year, while still leaving real uncertainty about timing and outcome. If leader resolves NO, lean the other way (sell follower YES / buy follower NO) because the absence of direct military engagement removes a major catalyst for near-term regime change, though keep sizing conservative since Maduro could still exit via internal political/economic dynamics.","The leader market provides a sharp, early, publicly verifiable signal about an extreme escalation scenario. If it happens, many traders will update the 'Maduro out by end-2026' probability, but that repricing may be delayed/underweighted due to ambiguity about what 'engagement' implies and because the follower’s resolution is far later. This time gap can create a window where the follower is mispriced relative to the new baseline risk of regime change.",916439,836172,2026-01-31T00:00:00Z,334d 12h,
2025-12-27T01:33:53.704Z,965255,916438,maduro-out-in-2025,us-x-venezuela-military-engagement-by,"Maduro out by February 28, 2026?","US x Venezuela military engagement by January 15, 2026?",,,SAME_OUTCOME,0.62,"If leader resolves YES (US–Venezuela military engagement by 1/15/2026), buy follower YES (Maduro out by 2/28/2026), because an engagement is a strong negative shock to regime stability and often coincides with/accelerates elite defection, negotiations, exile, or forced transition—yet it does not mechanically determine removal, so the follower should remain meaningfully uncertain. If leader resolves NO, modestly favor follower NO (or avoid if pricing already reflects low odds), since absence of direct engagement reduces the likelihood of a rapid forced transition within the next 44 days.","The leader market resolves earlier on a concrete, observable trigger (military engagement). That resolution provides fresh, high-signal information about escalation, external pressure, and internal regime stability that may not be fully/instantly incorporated into the later-resolving Maduro-out market, creating a window to buy YES (or hedge) before the follower reprices.",916438,965255,2026-01-15T00:00:00Z,44d 12h,
2025-12-27T01:41:17.305Z,1006867,996893,epstein-blackmail-files-released-in-2025,epstein-client-list-released-in-2025-372,Epstein blackmail evidence released by March 31?,Epstein client list released by June 30?,,,SAME_OUTCOME,0.62,"If leader resolves YES, buy the follower (YES) because the release of credible Epstein blackmail evidence strongly increases the chance that named parties / a “client list” is also released within the next 91 days, but does not mechanically force it. If leader resolves NO, lean toward selling or avoiding the follower (NO) since a failure to release blackmail evidence by 3/31 suggests weaker disclosure momentum and lowers the odds of a client list release by 6/30, though it remains possible via a separate leak/court action.","Leader resolves 91 days earlier and acts as a timely proxy for the broader ‘disclosure pipeline’ (ongoing investigations, court unsealings, media leaks, official releases). Markets often under-adjust to an early related disclosure: once blackmail evidence is released, many traders will update on the leader but may not fully or immediately reprice the follower, creating a window to buy follower YES before the convergence.",1006867,996893,2026-03-31T00:00:00Z,91d 0h,
2025-12-28T00:02:53.961Z,1006867,996893,epstein-blackmail-files-released-in-2025,epstein-client-list-released-in-2025-372,Epstein blackmail evidence released by March 31?,Epstein client list released by June 30?,,,SAME_OUTCOME,0.6,"If leader resolves YES, buy/hold YES in the follower market (client list) because an official/public release of Epstein-related blackmail evidence strongly signals increased institutional/media willingness and legal clearance to release additional Epstein materials within the next 91 days. If leader resolves NO, lean toward selling/reducing YES exposure in the follower market (or avoid taking a large position) because failure to release any blackmail evidence by 3/31/2026 suggests ongoing legal/secrecy barriers that also reduce the odds of a client list release by 6/30/2026.","The leader resolves earlier and reveals new information about whether Epstein-related materials are actually being released at all (a gating factor like legal unsealing, FOIA success, or official disclosure). That resolution should move the conditional probability of the client list release, but the follower market may not instantly or fully reprice—creating a leader-follower edge over the 91-day gap.",1006867,996893,2026-03-31T00:00:00Z,91d 0h,
2025-12-28T00:03:10.111Z,663850,916438,maduro-out-in-2025,us-x-venezuela-military-engagement-by,"Maduro out by March 31, 2026?","US x Venezuela military engagement by January 15, 2026?",,,SAME_OUTCOME,0.6,"If leader resolves YES, bet follower YES (Maduro out becomes more likely within the next ~75 days, but is not guaranteed; look for underreaction). If leader resolves NO, lean follower NO (sell/short YES or buy NO) because one major pathway to rapid regime change failed, though Maduro could still exit via internal political/economic dynamics.","These are different events with a plausible causal link and a short lag: confirmed US–Venezuela military engagement is salient new information that often reprices regime-stability expectations, but the 'Maduro out by 3/31/2026' market may adjust sluggishly or inconsistently (uncertainty about engagement scope, media fog, and disagreement over what counts as being 'out'). The edge comes from trading the follower on immediate post-resolution information from the leader before the follower fully incorporates the changed regime-change probability.",916438,663850,2026-01-15T00:00:00Z,75d 12h,
2025-12-28T00:03:17.291Z,663850,916439,maduro-out-in-2025,us-x-venezuela-military-engagement-by,"Maduro out by March 31, 2026?","US x Venezuela military engagement by January 31, 2026?",,,SAME_OUTCOME,0.6,"If leader resolves YES (US–Venezuela military engagement occurred by Jan 31, 2026), bet follower YES (Maduro out by Mar 31, 2026) because direct military engagement materially raises regime-change/forced-exit risk but does not fully determine it, so the follower remains uncertain and should reprice upward. If leader resolves NO, either sell/short follower YES or avoid, since absence of engagement removes a major catalyst for sudden leadership change and the baseline probability should be lower.","The leader market provides a discrete, earlier-resolving signal about escalation. If engagement occurs, many traders will update slowly or incompletely on downstream political consequences (sanctions, internal elite splits, negotiated exit, coup risk), creating a window where the follower market underprices the increased odds of Maduro leaving office before its later resolution date.",916439,663850,2026-01-31T00:00:00Z,59d 12h,
2025-12-28T00:04:16.415Z,836172,664747,maduro-out-in-2025,us-x-venezuela-military-engagement-by,"Maduro out by December 31, 2026?","US x Venezuela military engagement by March 31, 2026?",,,SAME_OUTCOME,0.62,"If leader resolves YES, buy/hold YES on 'Maduro out by Dec 31, 2026' (military engagement materially raises regime-instability and forced-exit odds, but does not determine the outcome). If leader resolves NO, sell/short YES (or avoid) on the follower, since absence of engagement removes a major catalyst for removal and typically implies lower near-term regime-change risk.","The leader market resolves ~9 months earlier and is a high-salience trigger for updated beliefs about Venezuela’s political stability. A confirmed US–Venezuela military engagement would likely reprice the follower upward due to increased coup/transition/negotiated-exit probabilities; conversely, a NO resolution should dampen tail-risk scenarios. Traders can exploit delayed or under-reacting updates in the longer-dated 'Maduro out' market.",664747,836172,2026-03-31T00:00:00Z,275d 12h,
2025-12-28T00:04:24.251Z,836172,916439,maduro-out-in-2025,us-x-venezuela-military-engagement-by,"Maduro out by December 31, 2026?","US x Venezuela military engagement by January 31, 2026?",,,SAME_OUTCOME,0.62,"If leader resolves YES (US–Venezuela military engagement by Jan 31, 2026), buy/hold YES on 'Maduro out by Dec 31, 2026' because direct military engagement strongly increases regime-instability and regime-change pathways within the following ~11 months, but does not mechanically force removal (so the follower remains meaningfully uncertain). If leader resolves NO, sell/avoid YES (i.e., lean NO) on 'Maduro out by Dec 31, 2026' because absence of engagement removes a major catalyst for abrupt regime change, leaving Maduro’s removal more dependent on slower internal political/economic dynamics.","The leader market resolves earlier on a discrete, high-salience trigger (military engagement) that can re-rate the follower substantially. The edge comes from reacting faster/more decisively than the broader market to the updated conditional probability P(Maduro out by end-2026 | engagement occurred), which is likely much higher than the unconditional base rate, while the follower still has many months of residual uncertainty to trade.",916439,836172,2026-01-31T00:00:00Z,334d 12h,
2025-12-28T00:04:51.429Z,965255,916438,maduro-out-in-2025,us-x-venezuela-military-engagement-by,"Maduro out by February 28, 2026?","US x Venezuela military engagement by January 15, 2026?",,,SAME_OUTCOME,0.62,"If leader resolves YES, buy/hold follower YES (military engagement materially increases short-horizon regime-instability and removal odds, but does not by itself determine Maduro is out by 2/28/2026). If leader resolves NO, sell/short follower YES (absence of engagement removes a major removal pathway and typically implies lower near-term odds of Maduro exiting).","The leader market resolves a discrete, high-signal catalyst (US-Venezuela military engagement) 44 days earlier than the regime-change question. When that catalyst becomes known, the follower market can lag in repricing because traders may underweight the conditional impact on near-term leadership survival; capturing that repricing gap is the edge.",916438,965255,2026-01-15T00:00:00Z,44d 12h,
2025-12-28T00:05:04.000Z,965255,916439,maduro-out-in-2025,us-x-venezuela-military-engagement-by,"Maduro out by February 28, 2026?","US x Venezuela military engagement by January 31, 2026?",,,SAME_OUTCOME,0.62,"If leader resolves YES, buy (or hold) follower YES because a confirmed US–Venezuela military engagement is strong new evidence of regime-threatening instability and increases the probability Maduro is out by 2/28/2026, while the follower market still has substantial remaining uncertainty (he could stay in power, conflict could de-escalate, or leadership change could be delayed). If leader resolves NO, sell/short follower YES (or buy NO) because the absence of an engagement removes a major coup/intervention catalyst and should lower the near-term odds of Maduro being out by 2/28/2026.","The leader resolves a month earlier and serves as a high-signal update about escalation risk and US involvement. Many traders will underreact/lag in repricing the later-resolving Maduro-out market immediately after the engagement outcome becomes known, creating a short window to buy YES after a leader-YES (or fade YES after a leader-NO).",916439,965255,2026-01-31T00:00:00Z,28d 12h,
2025-12-28T00:09:27.896Z,1034451,1009153,elon-musk-of-tweets-december-30-january-6,elon-musk-of-tweets-january-2026,"Will Elon Musk post 60-79 tweets from December 30 to January 6, 2026?",Will Elon Musk post 40-59 tweets in January 2026?,,,DIFFERENT_OUTCOME,0.62,"If leader resolves YES (60–79 tweets over Dec 30–Jan 6), that implies an extremely high short-term tweeting rate including 6 days in January; this makes a January total of only 40–59 tweets substantially less likely, so the trade is to bet follower NO (short follower YES). If leader resolves NO, it is ambiguous because NO includes both <60 (which could make 40–59 more plausible) and >79 (which would strongly imply follower NO), so there is no single high-confidence directional trade on follower purely from leader=NO.","The leader resolves ~25 days earlier and directly reveals whether Musk had an unusually high burst of tweets straddling the start of January. Because the follower bracket (40–59 tweets in all of January) is a narrow mid-range, confirming a very high early-January tweeting regime should quickly and materially reprice the follower toward NO—often before the follower market fully incorporates the implication of that burst-rate information.",1034451,1009153,2026-01-06T17:00:00Z,25d 12h,
2025-12-25T19:55:30.258Z,559659,561236,democratic-presidential-nominee-2028,presidential-election-winner-2028,Will Gretchen Whitmer win the 2028 Democratic presidential nomination?,Will Gretchen Whitmer win the 2028 US Presidential Election?,,,SAME_OUTCOME,1,"If leader resolves YES, bet follower YES. If leader resolves NO, bet follower NO.","Winning the US Presidential Election inherently means winning the party's nomination first, thus a YES outcome in the Presidential Election guarantees a YES in the nomination market.",561236,559659,2028-11-07T00:00:00Z,0d 0h,
2025-12-25T19:55:32.877Z,559659,561231,democratic-presidential-nominee-2028,presidential-election-winner-2028,Will Gretchen Whitmer win the 2028 Democratic presidential nomination?,Will Alexandria Ocasio-Cortez win the 2028 US Presidential Election?,,,DIFFERENT_OUTCOME,0.95,"If leader resolves YES, bet follower NO. If leader resolves NO, no clear action.","Winning the presidential election implies winning the nomination, thus if AOC wins the presidency, Whitmer cannot have won the Democratic nomination.",561231,559659,2028-11-07T00:00:00Z,0d 0h,
2025-12-25T19:55:50.547Z,559660,561229,democratic-presidential-nominee-2028,presidential-election-winner-2028,Will Andy Beshear win the 2028 Democratic presidential nomination?,Will JD Vance win the 2028 US Presidential Election?,,,DIFFERENT_OUTCOME,1,"If leader resolves YES, bet follower NO. If leader resolves NO, no clear action on follower.","JD Vance winning the 2028 US Presidential Election implies a Republican victory, thereby excluding Andy Beshear, a Democrat, from winning the presidency. This information asymmetry allows for a profitable trade by betting NO on Beshear if Vance wins.",561229,559660,2028-11-07T00:00:00Z,0d 0h,
2025-12-25T19:55:53.552Z,559660,561235,democratic-presidential-nominee-2028,presidential-election-winner-2028,Will Andy Beshear win the 2028 Democratic presidential nomination?,Will Wes Moore win the 2028 US Presidential Election?,,,DIFFERENT_OUTCOME,1,"If leader resolves YES, bet follower NO. If leader resolves NO, no clear action.","The resolution of the leader market (Wes Moore winning the 2028 US Presidential Election) directly excludes the possibility of Andy Beshear having won the 2028 Democratic presidential nomination, as they cannot both be the Democratic nominee in the same election cycle.",561235,559660,2028-11-07T00:00:00Z,0d 0h,
2025-12-25T19:55:56.398Z,559660,561237,democratic-presidential-nominee-2028,presidential-election-winner-2028,Will Andy Beshear win the 2028 Democratic presidential nomination?,Will Andy Beshear win the 2028 US Presidential Election?,,,SAME_OUTCOME,1,"If leader resolves YES, bet follower YES. If leader resolves NO, bet follower NO.","Winning the US Presidential Election inherently means winning the party's nomination first, thus a YES outcome in the Presidential win implies a YES in the nomination win.",561237,559660,2028-11-07T00:00:00Z,0d 0h,
2025-12-25T19:55:59.252Z,559660,561238,democratic-presidential-nominee-2028,presidential-election-winner-2028,Will Andy Beshear win the 2028 Democratic presidential nomination?,Will Glenn Youngkin win the 2028 US Presidential Election?,,,DIFFERENT_OUTCOME,1,"If leader resolves YES, bet follower NO. If leader resolves NO, no clear action.","The outcome of the presidential election directly negates the possibility of the opposing party's nominee winning, providing a clear trading advantage based on the leader market's resolution.",561238,559660,2028-11-07T00:00:00Z,0d 0h,
2025-12-25T19:56:45.565Z,559662,561251,democratic-presidential-nominee-2028,presidential-election-winner-2028,Will Mark Cuban win the 2028 Democratic presidential nomination?,Will LeBron James win the 2028 US Presidential Election?,,,DIFFERENT_OUTCOME,1,"If leader resolves YES, bet follower NO. If leader resolves NO, no clear action on follower.","The outcome of LeBron James winning the US Presidential Election directly precludes any other candidate, including Mark Cuban, from winning the nomination or the presidency, thus providing a clear trading advantage based on the outcome of the leader market.",561251,559662,2028-11-07T00:00:00Z,0d 0h,
2025-12-25T19:56:48.395Z,559681,561251,democratic-presidential-nominee-2028,presidential-election-winner-2028,Will LeBron James win the 2028 Democratic presidential nomination?,Will LeBron James win the 2028 US Presidential Election?,,,SAME_OUTCOME,1,"If leader resolves YES, bet follower YES. If leader resolves NO, bet follower NO.","Winning the US Presidential Election inherently means winning the party's nomination first, thus a YES outcome in the Presidential win directly implies a YES in the nomination win.",561251,559681,2028-11-07T00:00:00Z,0d 0h,
2025-12-25T19:56:54.544Z,559671,561256,democratic-presidential-nominee-2028,presidential-election-winner-2028,Will Zohran Mamdani win the 2028 Democratic presidential nomination?,Will Zohran Mamdani win the 2028 US Presidential Election?,,,SAME_OUTCOME,1,"If leader resolves YES, bet follower YES. If leader resolves NO, bet follower NO.","Winning the presidential election inherently means having won the nomination, providing a direct and certain link between the outcomes of these markets.",561256,559671,2028-11-07T00:00:00Z,0d 0h,
2025-12-25T19:58:12.277Z,663850,664747,maduro-out-in-2025,us-x-venezuela-military-engagement-by,"Maduro out by March 31, 2026?","US x Venezuela military engagement by March 31, 2026?",,,SAME_OUTCOME,0.8,"If leader resolves YES, bet follower YES. If leader resolves NO, bet follower NO.","A US-Venezuela military engagement likely increases the probability of regime change in Venezuela, influencing Maduro's position.",664747,663850,2026-03-31T00:00:00Z,0d 12h,
2025-12-25T19:58:23.885Z,663850,663544,maduro-out-in-2025,will-the-us-invade-venezuela-in-2025,"Maduro out by March 31, 2026?","Will the U.S. invade Venezuela by March 31, 2026?",,,SAME_OUTCOME,0.9,"If leader resolves YES, bet follower YES. If leader resolves NO, bet follower NO.","The invasion of Venezuela (leader market) would likely lead to significant political changes, including the potential removal of Maduro (follower market). Betting on the same outcome for both markets exploits the direct causal link between these events.",663544,663850,2026-03-31T00:00:00Z,0d 12h,
2025-12-25T19:58:26.928Z,663850,956450,maduro-out-in-2025,will-the-us-invade-venezuela-in-2025,"Maduro out by March 31, 2026?","Will the U.S. invade Venezuela by January 31, 2026?",,,SAME_OUTCOME,0.9,"If leader resolves YES, bet follower YES. If leader resolves NO, bet follower NO.","A U.S. invasion of Venezuela likely increases the probability of Maduro's ousting, creating a direct causal link between the two events. Trading on the follower market based on the outcome of the leader market exploits this relationship.",956450,663850,2026-03-31T00:00:00Z,0d 12h,
2025-12-26T02:02:39.094Z,559657,561240,democratic-presidential-nominee-2028,presidential-election-winner-2028,Will Stephen A. Smith win the 2028 Democratic presidential nomination?,Will Stephen Smith win the 2028 US Presidential Election?,,,SAME_OUTCOME,1,"If leader resolves YES, bet follower YES. If leader resolves NO, bet follower NO.","Winning the presidential election inherently means winning the party's nomination first, providing a direct causal link between the two outcomes.",561240,559657,2028-11-07T00:00:00Z,0d 0h,
2025-12-26T02:05:43.333Z,562003,561254,republican-presidential-nominee-2028,presidential-election-winner-2028,Will Kim Kardashian win the 2028 Republican presidential nomination?,Will Kim Kardashian win the 2028 US Presidential Election?,,,SAME_OUTCOME,1,"If leader resolves YES, bet follower YES. If leader resolves NO, bet follower NO.","Winning the presidential election inherently includes winning the party nomination, providing a direct and certain causal link between the outcomes.",561254,562003,2028-11-07T00:00:00Z,0d 0h,
2025-12-26T02:06:30.248Z,561974,561229,republican-presidential-nominee-2028,presidential-election-winner-2028,Will J.D. Vance win the 2028 Republican presidential nomination?,Will JD Vance win the 2028 US Presidential Election?,,,SAME_OUTCOME,1,"If leader resolves YES, bet follower YES. If leader resolves NO, bet follower NO.","Winning the US Presidential Election inherently means winning the party's nomination first, thus a YES outcome in the Presidential Election market directly implies a YES in the nomination market.",561229,561974,2028-11-07T00:00:00Z,0d 0h,
2025-12-26T02:06:43.365Z,561977,561238,republican-presidential-nominee-2028,presidential-election-winner-2028,Will Glenn Youngkin win the 2028 Republican presidential nomination?,Will Glenn Youngkin win the 2028 US Presidential Election?,,,SAME_OUTCOME,1,"If leader resolves YES, bet follower YES. If leader resolves NO, bet follower NO.","Winning the presidential election inherently means having won the nomination, thus a YES outcome in the leader market directly implies a YES outcome in the follower market.",561238,561977,2028-11-07T00:00:00Z,0d 0h,
2025-12-26T02:06:52.021Z,561990,561250,republican-presidential-nominee-2028,presidential-election-winner-2028,Will Elon Musk win the 2028 Republican presidential nomination?,Will Elon Musk win the 2028 US Presidential Election?,,,SAME_OUTCOME,1,"If leader resolves YES, bet follower YES. If leader resolves NO, bet follower NO.","Winning the US Presidential Election inherently means winning the party's nomination first, thus a YES in the leader market guarantees a YES in the follower market.",561250,561990,2028-11-07T00:00:00Z,0d 0h,
2025-12-26T02:07:11.971Z,561990,561252,republican-presidential-nominee-2028,presidential-election-winner-2028,Will Elon Musk win the 2028 Republican presidential nomination?,Will Dwayne 'The Rock' Johnson win the 2028 US Presidential Election?,,,DIFFERENT_OUTCOME,1,"If leader resolves YES, bet follower NO. If leader resolves NO, bet follower YES.","The outcome of the US Presidential Election directly determines the possibility of any other candidate's success in that election. If Dwayne 'The Rock' Johnson wins the presidency, Elon Musk cannot win the Republican nomination as the events are mutually exclusive within the context of a single presidential election cycle.",561252,561990,2028-11-07T00:00:00Z,0d 0h,
2025-12-26T02:08:23.713Z,999476,1009150,elon-musk-of-tweets-december-26-january-2,elon-musk-of-tweets-january-2026,"Will Elon Musk post 0-19 tweets from December 26 to January 2, 2026?",Will Elon Musk post 0-19 tweets in January 2026?,,,SAME_OUTCOME,0.9,"If leader resolves YES, bet follower YES. If leader resolves NO, bet follower NO.","The leader market's outcome directly influences the follower market since the leader's timeframe is a subset of the follower's timeframe. A YES in the leader market implies a high likelihood of YES in the follower market, offering a clear trading advantage based on the timing of information release.",999476,1009150,2026-01-02T17:00:00Z,29d 12h,
2025-12-29T00:02:35.105Z,601700,516710,fed-decision-in-january,us-recession-in-2025,Fed increases interest rates by 25+ bps after January 2026 meeting?,US recession in 2025?,,,DIFFERENT_OUTCOME,0.67,"If leader resolves YES, bet follower NO (reduce/avoid recession-YES exposure), because a 25+ bps hike right after the Jan 2026 meeting strongly signals the Fed sees sufficient economic strength/tightness and is inconsistent with a 2025 recession narrative. If leader resolves NO, the signal is weaker/ambiguous (could be hold/cut for many reasons), so only consider a small tilt toward follower YES if the recession market has not already repriced on macro data; otherwise treat as low edge.","The Jan 2026 hike decision is a fast, high-salience macro signal that aggregates late-2025/early-2026 economic information (including Q4 2025 activity/inflation and forward guidance). The recession-in-2025 market may still be open and not fully repriced until later releases/definitions are settled, so the leader’s resolution can create a short window where recession probabilities are mispriced; a hike outcome should push recession-2025 probability down before the follower resolves.",601700,516710,2026-01-28T00:00:00Z,31d 12h,31.5
2025-12-29T00:02:47.502Z,663850,916438,maduro-out-in-2025,us-x-venezuela-military-engagement-by,"Maduro out by March 31, 2026?","US x Venezuela military engagement by January 15, 2026?",,,SAME_OUTCOME,0.6,"If leader resolves YES, buy/hold follower YES because a confirmed US–Venezuela military engagement is a strong destabilizing signal that raises the probability Maduro is out by 3/31/2026, but does not by itself determine removal so the follower remains meaningfully uncertain. If leader resolves NO, sell/avoid follower YES (or buy NO) because absence of military engagement removes a major removal pathway and generally implies lower near-term regime-change pressure, though Maduro could still exit via domestic politics or health.",The leader market resolves ~75 days earlier and can reveal a high-salience geopolitical shock (military engagement) that many traders in the Maduro-out market may underweight or adjust to slowly. Rapidly repricing the follower immediately after the leader resolution captures the lag between (1) clear confirmation that conflict occurred and (2) broader consensus on how much that increases regime-change odds by the follower’s date.,916438,663850,2026-01-15T00:00:00Z,75d 12h,75.5
2025-12-29T00:02:58.693Z,663850,916439,maduro-out-in-2025,us-x-venezuela-military-engagement-by,"Maduro out by March 31, 2026?","US x Venezuela military engagement by January 31, 2026?",,,SAME_OUTCOME,0.66,"If leader resolves YES, buy/hold follower YES (Maduro out) because a US–Venezuela military engagement materially increases near-term regime-instability and removal risk, but does not itself determine the outcome by 3/31/2026 so the follower market remains open with uncertainty. If leader resolves NO, sell/avoid follower YES (or buy follower NO) since a major external catalyst failed to occur, reducing the probability Maduro is out by 3/31/2026, though internal political dynamics still leave some residual chance.","The leader market resolves 59 days earlier and is a discrete, high-salience geopolitical shock. When it resolves YES, the follower market should reprice upward quickly; traders who position in the follower before/at the leader resolution can capture the lag from slower incorporation of the engagement’s implications into the longer-dated ‘Maduro out’ market.",916439,663850,2026-01-31T00:00:00Z,59d 12h,59.5
2025-12-29T00:03:30.953Z,836172,916438,maduro-out-in-2025,us-x-venezuela-military-engagement-by,"Maduro out by December 31, 2026?","US x Venezuela military engagement by January 15, 2026?",,,SAME_OUTCOME,0.62,"If leader resolves YES, buy/hold YES in the follower (Maduro out by 12/31/2026), because US–Venezuela military engagement would materially increase the likelihood of regime destabilization, negotiated exit, coup, exile, or internationally forced transition within the following ~12 months. If leader resolves NO, lean sell/short YES (or avoid being long), since one major removal pathway (external military pressure/escalation) is ruled out, modestly lowering the probability of Maduro being out by end-2026, though domestic political/economic dynamics still leave meaningful residual uncertainty.","The leader market resolves ~350 days earlier and can deliver a high-salience geopolitical signal that the follower may underreact to until the engagement outcome is known. A confirmed engagement (YES) is a rare, information-rich event that should reprice the odds of leadership turnover quickly; trading the follower immediately after the leader resolves captures the lag/underadjustment before the broader market fully incorporates the increased regime-change risk.",916438,836172,2026-01-15T00:00:00Z,350d 12h,350.5
2025-12-29T00:03:51.644Z,836172,916439,maduro-out-in-2025,us-x-venezuela-military-engagement-by,"Maduro out by December 31, 2026?","US x Venezuela military engagement by January 31, 2026?",,,SAME_OUTCOME,0.56,"If leader resolves YES, lean toward buying/holding YES in the follower (Maduro out by 12/31/2026), because a US–Venezuela military engagement generally raises regime-change/exit risk, but does not determine it. If leader resolves NO, lean toward selling/shorting YES in the follower (or buying NO) since one major pathway that could accelerate Maduro’s removal did not occur by early 2026, though domestic political/economic dynamics can still remove him by end-2026.","The leader resolves ~11 months earlier and would be a major public signal about escalation severity and US posture. Many traders may under-adjust the longer-dated 'Maduro out' probability immediately after the engagement outcome, creating a window where the follower price lags the updated conditional probability.",916439,836172,2026-01-31T00:00:00Z,334d 12h,334.5
2025-12-29T00:03:59.957Z,965255,916438,maduro-out-in-2025,us-x-venezuela-military-engagement-by,"Maduro out by February 28, 2026?","US x Venezuela military engagement by January 15, 2026?",,,SAME_OUTCOME,0.62,"If leader resolves YES (US x Venezuela military engagement by Jan 15, 2026), bet follower YES (Maduro out by Feb 28, 2026) because military engagement materially raises the chance of rapid regime destabilization/elite splits/negotiated exit within the following 44 days, but does not fully determine it. If leader resolves NO, bet follower NO (or avoid/short YES) because absent military engagement, the base rate of Maduro leaving office within the remaining ~6 weeks is lower and would likely require an alternative shock (health, coup, election/negotiation).","Leader resolution provides a discrete, high-salience signal about escalation that should move beliefs about near-term regime stability. The follower market remains uncertain (engagement does not guarantee Maduro’s exit), creating a window where the follower may underreact or update sluggishly relative to the true conditional probability implied by the leader outcome.",916438,965255,2026-01-15T00:00:00Z,44d 12h,44.5
2025-12-29T00:04:36.658Z,1006867,996893,epstein-blackmail-files-released-in-2025,epstein-client-list-released-in-2025-372,Epstein blackmail evidence released by March 31?,Epstein client list released by June 30?,,,SAME_OUTCOME,0.57,"If leader resolves YES, buy follower YES (the release of substantive Epstein blackmail evidence is a strong signal that additional/adjacent disclosures are happening or imminent by institutions/media, raising the odds a ‘client list’ is also released by the later deadline). If leader resolves NO, sell/short follower YES (a failure to release blackmail evidence by 3/31/26 suggests fewer/no major disclosures, lowering the odds that a distinct ‘client list’ is released by 6/30/26).","Leader resolution (and, critically, what the released material contains and how it was released—official dump vs. journalism vs. litigation) provides an information shock ~91 days earlier than the follower’s deadline. The follower market can lag in repricing because participants must interpret whether the evidence release indicates a broader document-release pipeline; traders who parse the leader’s resolution details faster can capture the follower’s delayed adjustment.",1006867,996893,2026-03-31T00:00:00Z,91d 0h,91.0
2025-12-29T00:05:41.730Z,835892,561829,ukraine-officially-agrees-to-a-us-backed-ceasefire-framework-in-2025,russia-x-ukraine-ceasefire-by-march-31-2026,Ukraine officially agrees to a US backed ceasefire framework by January 31?,"Russia x Ukraine ceasefire by March 31, 2026?",,,SAME_OUTCOME,0.78,"If leader resolves YES, buy follower YES (Ukraine agreeing to a US-backed ceasefire framework is a strong positive signal that a bilateral ceasefire is more likely by 3/31/2026, but it does not by itself guarantee a ceasefire because Russia must also agree and implementation could fail). If leader resolves NO, sell follower YES / buy follower NO (failure to reach even Ukraine’s formal agreement by 1/31/2026 is a strong negative signal for achieving an actual Russia–Ukraine ceasefire by 3/31/2026, though it remains possible via alternative frameworks or late breakthroughs).","The leader resolves earlier and reveals high-salience negotiation progress (or lack thereof). Because the follower remains genuinely uncertain after the leader outcome (Russia’s acceptance, terms, enforcement, and timing are unresolved), the leader’s resolution provides actionable information that should move the follower’s probability; if the follower market lags in repricing, a leader-follower trade captures that adjustment.",835892,561829,2026-01-31T00:00:00Z,59d 0h,59.0
2025-12-30T00:26:03.069Z,704339,835893,russia-x-ukraine-ceasefire-by-january-31-2026,ukraine-officially-agrees-to-a-us-backed-ceasefire-framework-in-2025,"Russia x Ukraine ceasefire by January 31, 2026?",Ukraine officially agrees to a US backed ceasefire framework by March 31?,,,SAME_OUTCOME,0.66,"If leader resolves YES, buy follower YES (a ceasefire in place by Jan 31 strongly suggests advanced negotiations and makes it more likely Ukraine will have officially agreed to some US-backed ceasefire framework by Mar 31, even if the exact framework details remain uncertain). If leader resolves NO, lean toward selling/shorting follower YES (lack of a ceasefire by Jan 31 reduces the chance that Ukraine will officially agree to a US-backed framework by Mar 31, though it does not rule it out).","The leader market resolves earlier on the broad, observable outcome (ceasefire) and will incorporate fast-moving peace-process information sooner. The follower market is narrower (US-backed framework + official Ukrainian agreement) and can lag in repricing after the ceasefire result, creating a window where the ceasefire resolution is a strong directional signal but the follower still trades with residual uncertainty about diplomatic specifics and formal agreement wording.",704339,835893,2026-01-31T00:00:00Z,59d 0h,59.0
2025-12-30T00:26:53.989Z,561829,835892,russia-x-ukraine-ceasefire-by-march-31-2026,ukraine-officially-agrees-to-a-us-backed-ceasefire-framework-in-2025,"Russia x Ukraine ceasefire by March 31, 2026?",Ukraine officially agrees to a US backed ceasefire framework by January 31?,,,SAME_OUTCOME,0.72,"If leader resolves YES, bet follower YES (or increase YES exposure) because Ukraine’s formal acceptance of a US-backed ceasefire framework is a major prerequisite/step toward an actual Russia–Ukraine ceasefire, but the follower still has meaningful uncertainty (Russia may not agree, terms may stall, implementation could fail) so it won’t be mechanically determined. If leader resolves NO, lean follower NO (or reduce YES exposure) because failure to secure Ukraine’s agreement by the earlier deadline lowers the probability of reaching a bilateral ceasefire by Mar 31, though alternative pathways could still produce a ceasefire.","The leader market resolves on a concrete, earlier diplomatic milestone (Ukraine’s official agreement) that is strongly informative about near-term ceasefire likelihood. When that milestone is observed, the follower market often reprices more slowly because it depends on additional actors (Russia) and implementation details; this creates an information/timing advantage where leader resolution provides a sharp Bayesian update while the follower remains open and tradable.",835892,561829,2026-01-31T00:00:00Z,59d 0h,59.0
2025-12-30T00:28:07.653Z,835892,567687,ukraine-officially-agrees-to-a-us-backed-ceasefire-framework-in-2025,russia-x-ukraine-ceasefire-before-2027,Ukraine officially agrees to a US backed ceasefire framework by January 31?,Russia x Ukraine ceasefire by end of 2026?,,,SAME_OUTCOME,0.66,"If leader resolves YES, bet follower YES (Ukraine’s official acceptance of a US-backed ceasefire framework is a meaningful prerequisite step that tends to raise the probability of an actual Russia–Ukraine ceasefire occurring later in 2026, even if Russia can still refuse). If leader resolves NO, bet follower NO or reduce/avoid follower YES exposure (failure to reach/accept a framework by Jan 31 materially lowers the odds of achieving an actual ceasefire by end-2026, though alternative paths could still exist).","The leader market resolves ~11 months earlier and provides a concrete, high-signal diplomatic milestone. When it resolves (especially YES), it should update the conditional probability of an end-2026 ceasefire, but the later market may under-react or update slowly due to ambiguity about whether ‘framework acceptance’ will translate into an actual bilateral ceasefire. This lag creates a leader-follower mispricing opportunity.",835892,567687,2026-01-31T00:00:00Z,334d 0h,334.0
2025-12-30T00:28:30.083Z,835893,567687,ukraine-officially-agrees-to-a-us-backed-ceasefire-framework-in-2025,russia-x-ukraine-ceasefire-before-2027,Ukraine officially agrees to a US backed ceasefire framework by March 31?,Russia x Ukraine ceasefire by end of 2026?,,,SAME_OUTCOME,0.65,"If leader resolves YES, bet follower YES (a Ukrainian official agreement to a US-backed ceasefire framework is a concrete diplomatic step that raises the probability of an actual Russia–Ukraine ceasefire occurring by end of 2026, but does not itself guarantee it). If leader resolves NO, lean follower NO / sell follower YES (failure to reach even a Ukrainian agreement to the framework by Mar 31, 2026 is negative information about near-term diplomatic progress and reduces the likelihood of a ceasefire being in place at any point by end of 2026).","The leader market resolves earlier on a narrower prerequisite (Ukraine agreement) that is informative about the latent probability of a broader later event (an actual ceasefire). When the leader resolves, the follower may adjust more slowly or incompletely because it still depends on additional steps (Russian acceptance, terms, enforcement, durability). This creates an opportunity to trade the follower immediately after leader resolution before the follower fully reprices.",835893,567687,2026-03-31T00:00:00Z,275d 0h,275.0
2025-12-31T00:05:46.333Z,704339,567687,russia-x-ukraine-ceasefire-by-january-31-2026,russia-x-ukraine-ceasefire-before-2027,"Russia x Ukraine ceasefire by January 31, 2026?",Russia x Ukraine ceasefire by end of 2026?,,,SAME_OUTCOME,0.78,"If leader resolves YES, bet follower YES (a ceasefire occurring by Jan 31, 2026 necessarily implies a ceasefire occurred by end of 2026, under standard 'by [date]' resolution). If leader resolves NO, do not auto-bet follower NO; follower can still resolve YES if a ceasefire happens after Jan 31, 2026 but before 12/31/2026—so any trade should be based on updated conditional probability rather than a mechanical inverse.","Leader is a strict earlier-deadline subset of the follower event: once the leader goes YES, the follower becomes (nearly) logically locked to YES immediately, but the follower market may lag due to attention/liquidity/friction. The time gap creates a window where the follower can be mispriced relative to the now-revealed information from the leader.",704339,567687,2026-01-31T00:00:00Z,334d 0h,334.0
2025-12-31T00:06:47.867Z,916438,663544,us-x-venezuela-military-engagement-by,will-the-us-invade-venezuela-in-2025,"US x Venezuela military engagement by January 15, 2026?","Will the U.S. invade Venezuela by March 31, 2026?",,,SAME_OUTCOME,0.66,"If leader resolves YES, bet follower YES (military engagement prior to 1/15 strongly increases the conditional probability of an invasion occurring by 3/31, but does not fully determine it). If leader resolves NO, bet follower NO / sell YES (no engagement by 1/15 makes an invasion by 3/31 materially less likely, though still possible via a sudden escalation later).","The leader resolves ~75 days earlier and captures a broader, earlier-escalation condition (any US–Venezuela military engagement). That earlier resolution provides timely information about whether a military pathway is underway; traders in the later 'invasion by 3/31' market may be slower to fully reprice the conditional invasion risk immediately after the engagement/no-engagement signal.",916438,663544,2026-01-15T00:00:00Z,75d 0h,75.0
2026-01-01T00:02:56.732Z,601697,670000,fed-decision-in-january,bank-of-japan-decision-in-december-425,Fed decreases interest rates by 50+ bps after January 2026 meeting?,Bank of Japan increases interest rates by 25 bps after January 2026 meeting?,,,DIFFERENT_OUTCOME,0.62,"If leader resolves YES (BoJ hikes 25 bps after Jan 2026 meeting), bet follower NO (Fed is less likely to deliver a large 50+ bps cut days later, because the macro/financial-conditions regime implied by a BoJ hike is generally inconsistent with the kind of stress/disinflation that produces an emergency-sized Fed cut). If leader resolves NO, modestly lean follower YES (a non-hike is more consistent with weaker growth/low inflation or risk-off conditions, which is when outsized Fed cuts become more plausible), but only if other contemporaneous data also point to easing.","BoJ’s decision arrives first and is a high-signal read on the global macro regime (inflation persistence/financial conditions/risk stress). A BoJ hike tends to rule out (or at least materially reduce) the probability of the extreme conditions that typically precede a 50+ bps Fed cut, so the follower market may lag in repricing over the 5-day gap.",670000,601697,2026-01-23T00:00:00Z,5d 0h,5.0
2026-01-01T00:05:22.430Z,663850,916439,maduro-out-in-2025,us-x-venezuela-military-engagement-by,"Maduro out by March 31, 2026?","US x Venezuela military engagement by January 31, 2026?",,,SAME_OUTCOME,0.6,"If leader resolves YES, bet follower YES (Maduro out by 3/31/2026 becomes more likely given a major escalation with the US). If leader resolves NO, modestly bet follower NO (absence of US-Venezuela military engagement is weak evidence against near-term regime ouster, though internal factors could still remove him).","The 59-day gap allows the leader’s resolution to reveal whether a serious US-Venezuela escalation actually occurred. A confirmed military engagement is a strong new public signal of heightened instability/pressure that should reprice the ‘Maduro out’ market upward, but follower markets often adjust with delay or underreact because ‘engagement’ can be interpreted narrowly—creating a tradable lag if the follower price doesn’t immediately incorporate the increased regime-change risk.",916439,663850,2026-01-31T00:00:00Z,59d 12h,59.5
2026-01-01T00:06:05.348Z,836172,916438,maduro-out-in-2025,us-x-venezuela-military-engagement-by,"Maduro out by December 31, 2026?","US x Venezuela military engagement by January 15, 2026?",,,SAME_OUTCOME,0.62,"If leader resolves YES, buy follower YES (US-Venezuela military engagement is a major escalation that typically raises the odds of regime destabilization/exit before end-2026, but does not mechanically determine it). If leader resolves NO, do not mirror-sell mechanically; consider holding/small sell of follower YES only if the market had been pricing engagement as a key pathway to Maduro’s removal, since Maduro could still leave via elections, internal power shifts, health, or negotiated transition.","The leader market resolves ~1 year earlier and, if YES, provides a high-salience signal about escalation and instability that many traders will incorporate into the ‘Maduro out by 12/31/2026’ market with a lag. Because engagement does not force Maduro out, the follower market stays open with substantial residual uncertainty—creating a tradable repricing window rather than an immediate logical lock.",916438,836172,2026-01-15T00:00:00Z,350d 12h,350.5
2026-01-01T00:06:42.480Z,965255,916438,maduro-out-in-2025,us-x-venezuela-military-engagement-by,"Maduro out by February 28, 2026?","US x Venezuela military engagement by January 15, 2026?",,,SAME_OUTCOME,0.6,"If leader resolves YES, buy follower YES (Maduro out) because a US–Venezuela military engagement meaningfully raises the probability of leadership removal/transition within the next 44 days, but does not determine it. If leader resolves NO, lean the other way (buy follower NO / sell YES), since absence of engagement reduces the near-term regime-change catalyst, though Maduro could still leave via internal politics/health/other shocks.","The leader market resolves earlier and is a high-salience catalyst that should shift beliefs about near-term regime survival. If the follower market is slower to reprice (or participants underweight the conditional impact of military engagement on regime stability), trading immediately after the leader resolution can capture that lagged adjustment.",916438,965255,2026-01-15T00:00:00Z,44d 12h,44.5
2026-01-02T00:02:10.729Z,916438,663850,us-x-venezuela-military-engagement-by,maduro-out-in-2025,"US x Venezuela military engagement by January 15, 2026?","Maduro out by March 31, 2026?",,,SAME_OUTCOME,0.66,"If leader resolves YES, buy follower YES (military engagement materially increases the probability of Maduro being removed by 3/31/2026, but does not mechanically determine it). If leader resolves NO, lean toward selling follower YES / buying follower NO (absence of engagement removes a major pathway to rapid regime change, though Maduro could still exit via domestic political dynamics).","The leader market resolves earlier and can deliver a discrete, highly salient update about external pressure and regime stability. If US–Venezuela military engagement occurs, the follower market may underreact or adjust with a lag because 'Maduro out' remains uncertain and path-dependent; this creates an information-timing advantage for quickly repricing the follower toward higher YES odds after leader resolution (and conversely dampening odds after a NO resolution).",916438,663850,2026-01-15T00:00:00Z,75d 12h,75.5
2026-01-02T00:02:33.644Z,916438,836172,us-x-venezuela-military-engagement-by,maduro-out-in-2025,"US x Venezuela military engagement by January 15, 2026?","Maduro out by December 31, 2026?",,,SAME_OUTCOME,0.6,"If leader resolves YES, bet follower YES (or add to YES) because a US–Venezuela military engagement materially raises the probability of major political disruption (elite splits, sanctions escalation, negotiated transition, or forced leadership change) before 12/31/2026 while the follower market remains uncertain. If leader resolves NO, lean follower NO (or reduce/sell YES) because the absence of direct military engagement removes a major catalyst for near-term regime change, making Maduro-out by end-2026 less likely relative to baseline (though still possible via internal dynamics).",The leader market resolves ~350 days earlier and provides a high-signal geopolitical catalyst indicator. Many traders in the longer-dated 'Maduro out' market may underreact or react slowly to the engagement outcome; promptly repricing the follower based on the leader’s resolution can capture the lag between fast-resolving conflict information and slower-updating regime-change probabilities.,916438,836172,2026-01-15T00:00:00Z,350d 12h,350.5
2026-01-02T00:05:43.723Z,916439,663850,us-x-venezuela-military-engagement-by,maduro-out-in-2025,"US x Venezuela military engagement by January 31, 2026?","Maduro out by March 31, 2026?",,,SAME_OUTCOME,0.62,"If leader resolves YES, bet follower YES (buy Maduro-out) because a confirmed US–Venezuela military engagement is a strong signal of acute regime-threatening instability and/or external pressure that typically increases near-term leadership-turnover odds. If leader resolves NO, take no strong position (at most, modestly fade follower YES) because Maduro could still exit via elections, internal coup, illness, negotiations, sanctions dynamics, or other non-military pathways.","The leader market resolves earlier and converts ambiguous geopolitical escalation into a binary fact. That confirmation should force a rapid repricing of Maduro-out likelihood, but the follower market may adjust more slowly (anchoring to prior baseline odds, or underweighting the turnover implications of confirmed military engagement). The edge comes from trading the lag in how quickly the later-resolving leadership-outcome market incorporates the newly-resolved, high-salience escalation information.",916439,663850,2026-01-31T00:00:00Z,59d 12h,59.5
2026-01-02T00:05:54.509Z,916439,836172,us-x-venezuela-military-engagement-by,maduro-out-in-2025,"US x Venezuela military engagement by January 31, 2026?","Maduro out by December 31, 2026?",,,SAME_OUTCOME,0.65,"If leader resolves YES, buy/hold YES in the follower (military engagement materially increases the likelihood of Maduro leaving office by end-2026, but does not fully determine it). If leader resolves NO, take little/no action or mildly reduce YES exposure in the follower (no engagement removes one major pathway to removal, but Maduro could still exit via elections, internal coup, health, negotiation, sanctions dynamics, etc.).","The leader market resolves earlier on a discrete, news-driven event (military engagement) that would be a major regime-stability shock. When/if that engagement occurs, it should quickly shift rational probabilities for Maduro’s tenure, but the longer-dated follower may reprice more slowly due to residual uncertainty about outcomes (limited engagement, stalemate, rally-around-the-flag effects, negotiated settlement). This creates an information-timing advantage: use the leader’s resolution (and the underlying confirming news) to trade the follower before it fully incorporates the updated regime-change probability.",916439,836172,2026-01-31T00:00:00Z,334d 12h,334.5
2026-01-02T00:11:21.518Z,561829,835892,russia-x-ukraine-ceasefire-by-march-31-2026,ukraine-officially-agrees-to-a-us-backed-ceasefire-framework-in-2025,"Russia x Ukraine ceasefire by March 31, 2026?",Ukraine officially agrees to a US backed ceasefire framework by January 31?,,,SAME_OUTCOME,0.66,"If leader resolves YES, bet follower YES (buy/hold YES) because Ukraine formally accepting a US-backed ceasefire framework is a major step toward an actual ceasefire by 3/31/2026, but implementation still depends on Russia’s acceptance/terms and on-field compliance so the follower remains meaningfully uncertain. If leader resolves NO, bet follower NO (sell/short YES) because failure to reach even a framework agreement by 1/31 substantially reduces the chance of a ceasefire being in place by 3/31.","The leader market resolves earlier on a concrete diplomatic milestone (Ukraine’s official agreement) that the broader ceasefire market may underweight until confirmed. When the leader resolves, it provides a sharp information update about negotiation momentum and willingness to accept terms, creating a window where the follower price lags the true updated probability of a ceasefire by 3/31.",835892,561829,2026-01-31T00:00:00Z,59d 0h,59.0
2026-01-02T00:12:45.550Z,567687,835892,russia-x-ukraine-ceasefire-before-2027,ukraine-officially-agrees-to-a-us-backed-ceasefire-framework-in-2025,Russia x Ukraine ceasefire by end of 2026?,Ukraine officially agrees to a US backed ceasefire framework by January 31?,,,SAME_OUTCOME,0.7,"If leader resolves YES, bet follower YES (a formal Ukrainian agreement to a US-backed ceasefire framework is strong evidence of near-term diplomatic convergence and raises the chance of an actual Russia–Ukraine ceasefire before end-2026, but does not fully determine it). If leader resolves NO, lean follower NO or reduce/exit follower YES (failure to agree to a framework by Jan 31 materially lowers the likelihood of achieving a ceasefire by end-2026, though it remains possible via other channels).","The leader market resolves ~11 months earlier and delivers a discrete, high-signal update about the feasibility and willingness to enter a negotiated ceasefire process. If the follower market underreacts (treating the framework agreement as non-binding ‘talks’), you can buy follower YES after leader-YES; conversely, if leader-NO is interpreted as just a missed deadline, the follower may remain overpriced and you can sell/short or avoid. The profit comes from the earlier resolution providing clearer information about negotiation trajectory that the longer-dated ceasefire market may not price efficiently.",835892,567687,2026-01-31T00:00:00Z,334d 0h,334.0
2026-01-02T00:12:55.427Z,567687,835893,russia-x-ukraine-ceasefire-before-2027,ukraine-officially-agrees-to-a-us-backed-ceasefire-framework-in-2025,Russia x Ukraine ceasefire by end of 2026?,Ukraine officially agrees to a US backed ceasefire framework by March 31?,,,SAME_OUTCOME,0.67,"If leader resolves YES, bet follower YES (Ukraine’s official acceptance of a US-backed ceasefire framework is a strong positive signal that a ceasefire could be reached/implemented by end-2026, but it does not fully determine it because Russia may not agree or implementation may fail). If leader resolves NO, lean follower NO (sell/short or avoid YES) because failure to secure Ukraine’s agreement by 3/31/2026 reduces the chance of a ceasefire by 12/31/2026, though a ceasefire could still occur via other frameworks later in 2026.","The leader market resolves on a specific, verifiable diplomatic milestone (Ukraine’s official agreement) that will update beliefs about end-2026 ceasefire likelihood before the follower resolves. When the leader outcome becomes known, the follower market may adjust slowly or imperfectly (especially if traders over/underweight ‘framework agreed’ vs ‘ceasefire actually in place’), creating an information-timing edge to buy YES after a leader YES or fade YES after a leader NO.",835893,567687,2026-03-31T00:00:00Z,275d 0h,275.0
2026-01-02T00:13:51.769Z,567621,604470,will-china-invade-taiwan-before-2027,will-china-blockade-taiwan-by-june-30,Will China invade Taiwan by end of 2026?,Will China blockade Taiwan by June 30?,,,SAME_OUTCOME,0.67,"If leader resolves YES (China blockades Taiwan by June 30), buy/hold YES on the follower (invasion by end of 2026), because a realized blockade is a major escalation and increases the conditional probability of an invasion within the following 6 months, though it does not guarantee it. If leader resolves NO, sell/short (or avoid) YES on the follower, since failing to blockade by mid-2026 lowers the likelihood of an invasion occurring by year-end 2026.","The blockade market resolves ~184 days earlier and provides a high-signal update about China’s willingness to escalate militarily. Many traders may price the invasion market off slower-moving geopolitical narratives; when the blockade market resolves, the invasion market may lag in repricing to the new conditional probability, creating an information-timing edge.",604470,567621,2026-06-30T00:00:00Z,184d 0h,184.0
2026-01-02T00:15:02.194Z,1063287,1009173,elon-musk-of-tweets-january-2-january-9,elon-musk-of-tweets-january-2026,"Will Elon Musk post 420-439 tweets from January 2 to January 9, 2026?",Will Elon Musk post 420-439 tweets in January 2026?,,,DIFFERENT_OUTCOME,0.8,"If leader resolves YES, bet follower NO (a 420–439 total for all of January would then require ~0 tweets for the remaining Jan 10–31, which is possible but highly unlikely). If leader resolves NO, take no position (NO could mean either <420 or >439 in Jan 2–9, and those imply very different probabilities for the full-month 420–439 range).","The leader market settles on Jan 9 and reveals whether Musk already reached the entire-month bracket within the first 8 days. That early information should materially shift the distribution of the January total, but the follower market may lag in repricing—especially because the follower resolves later and many traders won’t immediately translate the nested-window implication (leader YES implies the month-range becomes a near-impossibility unless tweeting effectively stops).",1063287,1009173,2026-01-09T17:00:00Z,22d 12h,22.5
2026-01-02T00:16:12.682Z,964900,631187,largest-company-end-of-january,largest-company-end-of-june-712,Will Microsoft be the largest company in the world by market cap on January 31?,Will Amazon be the largest company in the world by market cap on June 30?,,,DIFFERENT_OUTCOME,0.62,"If leader resolves YES (Microsoft is #1 by 1/31/2026), lean to bet follower NO (sell/short Amazon YES), because a confirmed Microsoft lead close to mid-year makes it less likely Amazon overtakes all rivals by 6/30/2026 without a large relative rerating. If leader resolves NO, modestly lean to bet follower YES (buy Amazon YES) since the #1 slot is held by someone other than Microsoft, which weakly increases the chance the leadership set includes Amazon and that Amazon can take #1 by 6/30/2026.","The 1/31 resolution provides an early, market-verified read on the top-of-market-cap leaderboard and relative momentum among mega-caps. Many participants in the later Amazon-by-6/30 market may update slowly; trading immediately after the leader resolves can capture the repricing of Amazon’s required catch-up (or improved positioning if Microsoft is not #1) before the follower market fully incorporates that information.",964900,631187,2026-01-31T00:00:00Z,150d 0h,150.0
2026-01-02T00:16:22.038Z,964900,631182,largest-company-end-of-january,largest-company-end-of-june-712,Will Microsoft be the largest company in the world by market cap on January 31?,Will Microsoft be the largest company in the world by market cap on June 30?,,,SAME_OUTCOME,0.72,"If leader resolves YES, bet follower YES (increase long exposure), because being #1 on Jan 31 materially raises the probability Microsoft is still #1 on Jun 30, though it remains uncertain due to intervening months of market moves. If leader resolves NO, bet follower NO / sell follower YES, because failing to be #1 on Jan 31 lowers the chance Microsoft becomes #1 by Jun 30 (it can still happen, but requires overtaking the leader over the next 150 days).","The Jan 31 resolution reveals hard, market-set information about relative market caps and momentum at a known timestamp. The Jun 30 market remains open and may not fully/instantly incorporate the new baseline and implied persistence probability (leadership tends to be sticky over months, but not guaranteed), creating an information-timing edge for traders who update Jun 30 odds immediately after the Jan 31 outcome.",964900,631182,2026-01-31T00:00:00Z,150d 0h,150.0
2026-01-02T00:16:54.060Z,964899,631181,largest-company-end-of-january,largest-company-end-of-june-712,Will NVIDIA be the largest company in the world by market cap on January 31?,Will NVIDIA be the largest company in the world by market cap on June 30?,,,SAME_OUTCOME,0.66,"If leader resolves YES, buy/hold follower YES (it remains uncertain because market cap leadership can change between Jan 31 and Jun 30, but leader-YES is strong evidence NVIDIA is in a dominant regime that often persists over months). If leader resolves NO, sell/avoid follower YES (or buy follower NO), since failing to lead by Jan 31 implies it must overtake the leader later, which is possible but less likely than if it were already #1.","The Jan 31 result is an earlier, high-signal datapoint about NVIDIA’s relative market-cap position (and the competitive set) that traders in the Jun 30 market may not have fully incorporated until after resolution. Because leadership tends to exhibit momentum/slow-moving fundamentals, the leader market’s resolution provides a predictive update for the later date without fully determining it, creating a window to trade the follower before it reprices.",964899,631181,2026-01-31T00:00:00Z,150d 0h,150.0
2026-01-02T00:17:10.172Z,964899,631183,largest-company-end-of-january,largest-company-end-of-june-712,Will NVIDIA be the largest company in the world by market cap on January 31?,Will Apple be the largest company in the world by market cap on June 30?,,,DIFFERENT_OUTCOME,0.62,"If leader resolves YES (NVDA largest on Jan 31), bet follower NO (sell Apple-YES / buy Apple-NO), because Apple must regain and then hold #1 by Jun 30—still possible but less likely given market-cap momentum/persistence over a 150-day window. If leader resolves NO, take no automatic position in the follower (could be Apple, Microsoft, etc. on Jan 31), so the update to Apple-on-Jun-30 is ambiguous without knowing who was #1.","The Jan 31 result is a high-signal datapoint about relative strength at the top of the market-cap race. Many traders in the later Apple-on-Jun-30 market will underreact or react slowly to the conditional implication: NVDA being #1 in late January meaningfully lowers the probability Apple is #1 by end of June, even though it doesn’t make it impossible. The edge comes from quickly repricing this negative correlation while the follower market remains open and uncertain.",964899,631183,2026-01-31T00:00:00Z,150d 0h,150.0
2026-01-02T00:17:56.466Z,964899,631184,largest-company-end-of-january,largest-company-end-of-june-712,Will NVIDIA be the largest company in the world by market cap on January 31?,Will Alphabet be the largest company in the world by market cap on June 30?,,,DIFFERENT_OUTCOME,0.62,"If leader resolves YES (NVIDIA is #1 on Jan 31), that implies NVIDIA’s market cap is at least above all peers at that date and likely by a meaningful margin, making it harder (lower conditional probability) for Alphabet to become #1 by June 30; action: sell/short the follower YES (buy NO). If leader resolves NO, that means some other firm (often Apple/Microsoft) is #1 on Jan 31 and NVIDIA is not dominating; Alphabet’s path to #1 by June 30 is less obstructed relative to the leader-YES world; action: modestly buy the follower YES (or cover NO).","The Jan 31 ‘who is #1’ outcome is an earlier, discrete information release about the competitive market-cap landscape (who is leading and implicitly how strong that leader is). Traders in the June 30 Alphabet market may underreact or delay repricing to this new conditioning information, creating a window to trade Alphabet YES/NO at stale probabilities after the leader resolves.",964899,631184,2026-01-31T00:00:00Z,150d 0h,150.0
2026-01-02T00:18:14.940Z,964899,631186,largest-company-end-of-january,largest-company-end-of-june-712,Will NVIDIA be the largest company in the world by market cap on January 31?,Will Saudi Aramco be the largest company in the world by market cap on June 30?,,,DIFFERENT_OUTCOME,0.6,"If leader resolves YES, buy follower NO / sell follower YES (Aramco becoming #1 by 6/30 would typically require a large relative reversal vs NVIDIA and other megacaps over ~5 months, so odds should drop). If leader resolves NO, modestly buy follower YES only if the leader’s NO is driven by Aramco (or oil/EM mega-cap strength) rather than another US tech name; otherwise treat as weak signal.","The 1/31/2026 realized state (who is actually #1 at that date) is hard information about relative market-cap levels/trends that many traders underweight when pricing a farther-dated, different-company #1 market. When NVIDIA is confirmed #1 on 1/31, the follower’s YES requires a sizable relative swing by 6/30, so the follower often remains overpriced on YES until participants incorporate the new anchor.",964899,631186,2026-01-31T00:00:00Z,150d 0h,150.0
2026-01-02T00:18:51.800Z,964903,631185,largest-company-end-of-january,largest-company-end-of-june-712,Will Tesla be the largest company in the world by market cap on January 31?,Will Tesla be the largest company in the world by market cap on June 30?,,,SAME_OUTCOME,0.7,"If leader resolves YES, bet follower YES (or avoid shorting), because being #1 by market cap on Jan 31 materially increases the chance Tesla is still #1 on Jun 30, though it remains uncertain and can change. If leader resolves NO, bet follower NO (or reduce YES exposure), because failing to be #1 by Jan 31 implies Tesla is not leading at that point and must overtake later, lowering the Jun 30 probability versus prior.","The Jan 31 resolution is a concrete, earlier datapoint about Tesla’s realized market-cap rank and relative distance vs competitors. Many traders in the later (Jun 30) market may update slowly or imperfectly; the leader outcome provides a strong signal about momentum/relative valuation that should shift the follower probability, creating a leader-follower mispricing window.",964903,631185,2026-01-31T00:00:00Z,150d 0h,150.0
2026-01-02T00:20:19.766Z,964904,631187,largest-company-end-of-january,largest-company-end-of-june-712,Will Saudi Aramco be the largest company in the world by market cap on January 31?,Will Amazon be the largest company in the world by market cap on June 30?,,,DIFFERENT_OUTCOME,0.65,"If leader resolves YES, bet follower NO (Amazon being largest by 6/30/2026 becomes materially less likely if Aramco is already #1 on 1/31/2026, implying either Aramco is very large or US mega-cap tech is not leading, a regime that often persists over months). If leader resolves NO, lean follower YES (or at least cover any short), since a NO increases the chance the leadership is held by US mega-caps where Amazon has a plausible path to #1 by June, though it’s still far from guaranteed.","The 1/31/2026 resolution reveals a high-signal snapshot of the market-cap leaderboard and macro regime (oil/energy dominance vs US mega-cap tech dominance). The later 6/30/2026 market may not fully/instantly reprice to that information, especially because it’s conditioned on a different company and a later date, creating a tradable lag for a negative-correlation update (Aramco #1 in Jan tends to compress Amazon’s probability of being #1 in June).",964904,631187,2026-01-31T00:00:00Z,150d 0h,150.0
2026-01-02T00:20:46.672Z,964904,631186,largest-company-end-of-january,largest-company-end-of-june-712,Will Saudi Aramco be the largest company in the world by market cap on January 31?,Will Saudi Aramco be the largest company in the world by market cap on June 30?,,,SAME_OUTCOME,0.66,"If leader resolves YES, buy (or hold) follower YES because being #1 on Jan 31 makes it more likely (though not guaranteed) Aramco is still #1 on Jun 30. If leader resolves NO, sell follower YES / buy follower NO because failing to be #1 by Jan 31 implies it is less likely to be #1 by Jun 30 absent a major relative move.","The Jan 31 resolution reveals a high-signal state variable (whether Aramco is currently #1) that the Jun 30 market cannot yet settle. Traders in the later market may underreact or be slower to update after the earlier market resolves; the 150-day gap leaves real uncertainty (market-cap leadership can change), but the earlier snapshot should shift the later probability materially, creating a post-resolution pricing lag to exploit.",964904,631186,2026-01-31T00:00:00Z,150d 0h,150.0
2026-01-02T00:21:06.349Z,964901,631183,largest-company-end-of-january,largest-company-end-of-june-712,Will Apple be the largest company in the world by market cap on January 31?,Will Apple be the largest company in the world by market cap on June 30?,,,SAME_OUTCOME,0.72,"If leader resolves YES, bet follower YES (Apple being #1 by market cap on Jan 31 is strong evidence it can remain/return #1 by Jun 30, but follower still has real uncertainty because rankings can change over 150 days). If leader resolves NO, bet follower NO (not being #1 on Jan 31 is negative evidence for being #1 on Jun 30, though it can still become #1 later).","The Jan 31 market resolves earlier and aggregates near-term information about Apple’s relative market-cap position (earnings, guidance, macro sensitivity vs peers, momentum). When it resolves, it provides a high-signal datapoint (actual rank at a fixed time) that the Jun 30 market may not have fully priced, creating an opportunity to update the later market quickly before it re-equilibrates.",964901,631183,2026-01-31T00:00:00Z,150d 0h,150.0
2026-01-02T00:22:25.711Z,964905,631183,largest-company-end-of-january,largest-company-end-of-june-712,Will Amazon be the largest company in the world by market cap on January 31?,Will Apple be the largest company in the world by market cap on June 30?,,,DIFFERENT_OUTCOME,0.62,"If leader resolves YES (Amazon #1 on Jan 31), that is evidence Apple is not the dominant market-cap leader at that time and suggests a regime where Amazon (or at least not Apple) is leading; therefore lean to bet follower NO (Apple not #1 on Jun 30), especially if the June market has not repriced after the Jan 31 result. If leader resolves NO, it provides some support for follower YES only in the sub-case that Apple was actually #1 on Jan 31 (leadership persistence); otherwise (if another company was #1) the signal is weaker—so the clean trade is primarily: leader YES → follower NO.","The Jan 31 outcome is an earlier, concrete datapoint about which firm is able to hold #1 market cap. Market-cap leadership tends to be sticky over months, and Amazon being #1 in late January makes Apple being #1 by late June less likely than baseline. If the June 30 Apple market is slow to incorporate the informational shock from the Jan 31 resolution (or underestimates persistence/mean-reversion), you can capture edge by trading immediately after the leader resolves.",964905,631183,2026-01-31T00:00:00Z,150d 0h,150.0
2026-01-02T00:22:45.687Z,964905,631187,largest-company-end-of-january,largest-company-end-of-june-712,Will Amazon be the largest company in the world by market cap on January 31?,Will Amazon be the largest company in the world by market cap on June 30?,,,SAME_OUTCOME,0.7,"If leader resolves YES, buy/hold follower YES (Amazon being #1 on 1/31/2026 is strong evidence it can remain #1 through 6/30/2026, though not guaranteed). If leader resolves NO, sell follower YES / buy follower NO (failure to be #1 by 1/31/2026 implies it must overtake the leader later, which is possible but less likely than maintaining an existing lead).","The 1/31/2026 result is a clean, earlier-revealed data point about Amazon’s relative market-cap position versus its closest competitors. When the leader resolves, the follower market often updates sluggishly (or remains anchored to prior narratives), creating temporary mispricing. The trade profits by using the resolved ranking (and implied competitive gap) as a high-signal input for the still-open 6/30/2026 outcome.",964905,631187,2026-01-31T00:00:00Z,150d 0h,150.0
2026-01-02T00:23:47.110Z,964902,631183,largest-company-end-of-january,largest-company-end-of-june-712,Will Alphabet be the largest company in the world by market cap on January 31?,Will Apple be the largest company in the world by market cap on June 30?,,,DIFFERENT_OUTCOME,0.62,"If leader resolves YES (Alphabet is #1 on Jan 31), bet follower NO (Apple #1 on Jun 30 becomes less likely, because Apple is confirmed not-#1 as of Jan 31 and Alphabet’s relative strength often persists over a 5-month horizon). If leader resolves NO, take no strong position (the NO set includes Apple, Microsoft, Nvidia, etc. being #1 on Jan 31, which has mixed implications for Apple being #1 by Jun 30).","Leader resolution provides hard information about the market-cap leaderboard and relative momentum at a specific checkpoint. If Alphabet is #1 on Jan 31, the market may under-adjust the follower probability (Apple #1 on Jun 30) because it requires Apple to overtake a then-dominant Alphabet (and possibly others), which is a harder path than generic prior beliefs. This creates a potential post-resolution mispricing window in the follower market.",964902,631183,2026-01-31T00:00:00Z,150d 0h,150.0
2026-01-02T00:24:18.510Z,964902,631182,largest-company-end-of-january,largest-company-end-of-june-712,Will Alphabet be the largest company in the world by market cap on January 31?,Will Microsoft be the largest company in the world by market cap on June 30?,,,DIFFERENT_OUTCOME,0.6,"If leader resolves YES (Alphabet is #1 on Jan 31, 2026), bet follower NO (sell/short Microsoft being #1 on Jun 30, 2026), because Alphabet being on top at the earlier checkpoint is evidence of relative strength that tends to persist over a 150-day horizon, reducing the probability Microsoft overtakes by June. If leader resolves NO (Alphabet not #1 on Jan 31, 2026), consider betting follower YES (buy Microsoft) if the likely alternative leader on Jan 31 is Microsoft itself or if the market reaction suggests Microsoft is the primary beneficiary; otherwise take no trade.","The Jan 31 resolution provides a concrete, earlier signal about the competitive ordering at the top of global market caps (who is actually #1 at a known date). That information should mechanically update the June 30 probability for Microsoft, but the follower market may under-react or update slowly. The edge comes from trading immediately after the leader resolves (or materially moves approaching resolution) before the June market fully incorporates the implied shift in odds.",964902,631182,2026-01-31T00:00:00Z,150d 0h,150.0
2026-01-02T00:24:28.234Z,964902,631184,largest-company-end-of-january,largest-company-end-of-june-712,Will Alphabet be the largest company in the world by market cap on January 31?,Will Alphabet be the largest company in the world by market cap on June 30?,,,SAME_OUTCOME,0.66,"If leader resolves YES, buy/hold YES in the June 30 market (Alphabet being #1 on Jan 31 materially increases the probability it remains #1 five months later, but does not determine it). If leader resolves NO, sell/short YES (buy NO) in the June 30 market (failing to be #1 on Jan 31 makes it less likely to be #1 by June 30, though a turnaround remains possible).","The Jan 31 resolution reveals a hard, date-specific fact about relative market caps (and often underlying trend/lead size) earlier than the June 30 market’s settlement. Traders in the later market may underreact or react slowly to the informational update, creating a temporary mispricing where the June 30 probability should move in the same direction as the Jan 31 outcome but typically not all the way to 0/1 due to the 150-day gap.",964902,631184,2026-01-31T00:00:00Z,150d 0h,150.0
2026-01-03T00:05:18.731Z,916438,663850,us-x-venezuela-military-engagement-by,maduro-out-in-2025,"US x Venezuela military engagement by January 15, 2026?","Maduro out by March 31, 2026?",,,SAME_OUTCOME,0.58,"If leader resolves YES, bet follower YES (US–Venezuela military engagement would materially increase the probability of Maduro leaving office within the next ~75 days via heightened internal elite fracture, negotiated exit under pressure, or conflict-driven regime collapse). If leader resolves NO, modestly bet follower NO (absence of a major external shock makes near-term removal less likely, though domestic dynamics could still remove him).","The leader market resolves on a concrete, high-salience escalation that typically updates beliefs about regime stability faster than the follower market reprices (especially if the follower is anchored to slow-moving domestic narratives). A leader-YES outcome is a sharp public signal that should propagate into higher perceived odds of leadership change, potentially leaving a short window where 'Maduro out by 3/31/2026' lags that update.",916438,663850,2026-01-15T00:00:00Z,75d 12h,75.5
2026-01-03T00:05:45.157Z,916438,965255,us-x-venezuela-military-engagement-by,maduro-out-in-2025,"US x Venezuela military engagement by January 15, 2026?","Maduro out by February 28, 2026?",,,SAME_OUTCOME,0.62,"If leader resolves YES, buy follower YES (US-Venezuela military engagement materially increases near-term regime-instability/transition probability but does not itself guarantee Maduro is out by 2/28, so follower remains uncertain and tradeable). If leader resolves NO, sell/short follower YES (absence of engagement removes a major catalyst for rapid leadership change over the remaining 44 days, though Maduro could still exit via internal political dynamics).","The leader market resolves first and can reveal a high-signal catalyst (actual military engagement) that may not be fully incorporated into the longer-dated Maduro-out market in real time. A confirmed engagement tends to immediately reprioritize traders’ estimates of coup/forced exit/negotiated departure within weeks, creating a window where follower pricing lags the new conditional probability.",916438,965255,2026-01-15T00:00:00Z,44d 12h,44.5
2026-01-03T00:06:15.413Z,664747,836172,us-x-venezuela-military-engagement-by,maduro-out-in-2025,"US x Venezuela military engagement by March 31, 2026?","Maduro out by December 31, 2026?",,,SAME_OUTCOME,0.62,"If leader resolves YES, buy/hold follower YES (US–Venezuela military engagement materially increases the odds of leadership instability/transition, but does not deterministically force Maduro out, so the follower remains uncertain and tradable). If leader resolves NO, sell/avoid follower YES (absence of engagement removes a major destabilizing pathway, modestly lowering the probability of Maduro being out by 12/31/2026).","The leader market resolves ~9 months earlier and can provide a discrete, high-signal update about escalation/regime pressure that is not mechanically priced into the longer-dated Maduro-out market until after resolution; reacting immediately to the leader resolution can capture slow repricing in the follower.",664747,836172,2026-03-31T00:00:00Z,275d 12h,275.5
2026-01-03T00:07:00.922Z,916439,836172,us-x-venezuela-military-engagement-by,maduro-out-in-2025,"US x Venezuela military engagement by January 31, 2026?","Maduro out by December 31, 2026?",,,SAME_OUTCOME,0.6,"If leader resolves YES, bet follower YES (buy Maduro out by 12/31/2026), because a confirmed US–Venezuela military engagement by 1/31/2026 is a major destabilizing shock that tends to increase regime-change probability but does not itself determine the outcome by 12/31/2026, so the follower market remains open with substantial uncertainty. If leader resolves NO, lean the other way (sell/short follower YES or reduce exposure), as the absence of engagement removes a key near-term destabilizer, modestly lowering the probability Maduro is out by end-2026.","The leader market resolves ~11 months earlier and can deliver a discrete, high-salience signal (military engagement occurred) that many traders underweight or are slow to translate into updated odds for a longer-horizon political outcome. Because engagement is not logically equivalent to Maduro being out (he could survive or depart for non-war reasons), the follower remains mispriced for some time after the leader resolves, creating a tradable lag.",916439,836172,2026-01-31T00:00:00Z,334d 12h,334.5
2026-01-04T00:02:45.801Z,916438,1094682,us-x-venezuela-military-engagement-by,maduro-in-us-custody-by-january-31,"US x Venezuela military engagement by January 15, 2026?",Maduro in U.S. custody by January 31?,,,SAME_OUTCOME,0.58,"If leader resolves YES, buy (or hold) follower YES because a confirmed US–Venezuela military engagement before 1/15 makes Maduro-in-US-custody-by-1/31 more plausible but not guaranteed (engagement could be limited/indirect, and capture/transfer could still fail). If leader resolves NO, sell/short follower YES because absence of engagement removes a major pathway for rapid capture/transfer and likely reduces the chance of custody by 1/31.","The 1/15 engagement resolution is a discrete, high-signal update that the custody market may underreact to or price slowly (especially if the engagement is confirmed via official statements while custody remains unconfirmed). This creates a 16-day window where engagement information can be traded into the custody market before it fully incorporates the increased (or decreased) likelihood of capture/hand-over.",916438,1094682,2026-01-15T00:00:00Z,16d 0h,16.0
2026-01-04T00:06:34.703Z,1087503,1094682,us-x-venezuela-military-engagement-by,maduro-in-us-custody-by-january-31,"US x Venezuela military engagement by June 30, 2026?",Maduro in U.S. custody by January 31?,,,SAME_OUTCOME,0.62,"If leader resolves YES (Maduro in U.S. custody by Jan 31), buy follower YES because achieving U.S. custody of a sitting Venezuelan leader is more likely to have required (or coincided with) some form of U.S.–Venezuela military engagement, and it also increases the odds of escalation in the subsequent 150 days. If leader resolves NO, lean to selling follower YES (buy NO) because the absence of such an extreme escalation/capture by Jan 31 weakly suggests lower near-term odds of direct military engagement through Jun 30, though engagement could still occur for unrelated reasons.","The leader market resolves earlier and provides a sharp public signal about whether an extreme confrontation/capture scenario occurred. If YES, many traders will not immediately translate that into the implied higher probability of any U.S.–Venezuela military engagement by Jun 30 (especially given ambiguity about where/how custody occurred), creating a window where the follower market underreacts and can be bought before repricing.",1094682,1087503,2026-01-31T00:00:00Z,150d 0h,150.0
2026-01-04T00:11:52.092Z,916732,1092199,khamenei-out-as-supreme-leader-of-iran-by-march-31,us-strikes-iran-by,Khamenei out as Supreme Leader of Iran by March 31?,"US strikes Iran by January 31, 2026?",,,SAME_OUTCOME,0.6,"If leader resolves YES, bet follower YES (a US strike materially increases short-horizon political instability, assassination/retaliation risk, elite infighting, and succession pressure that could remove Khamenei before the later cutoff). If leader resolves NO, bet follower NO / reduce YES exposure (absence of a major external shock lowers near-term regime-disruption risk; follower reverts closer to baseline health/age-driven probability).","The leader market is an earlier, high-signal catalyst about acute instability. After a strike, there is still substantial uncertainty about leadership outcomes (the follower does not become mechanically determined), but the conditional probability of Khamenei being out by 3/31 likely jumps faster than the follower price fully reflects—especially if traders anchor on long-run regime resilience or treat leadership change as mostly health-related. Conversely, a NO strike outcome should compress crisis-driven tail risk that may be overpriced in the follower.",1092199,916732,2026-01-31T00:00:00Z,59d 0h,59.0
2026-01-04T00:21:18.916Z,801288,676790,which-company-has-the-best-ai-model-end-of-january,ipos-before-2027,Will Mistral have the best AI model at the end of January 2026?,Mistral AI IPO before 2027?,,,SAME_OUTCOME,0.62,"If leader resolves YES, buy/hold YES in the IPO-before-2027 market (a best-in-class model by Jan 2026 is a strong positive signal for fundraising leverage, revenue traction, strategic positioning, and IPO readiness, but it does not mechanically force an IPO). If leader resolves NO, sell/short YES (or buy NO) in the IPO market, since failing to be best-in-class by early 2026 reduces momentum and narrative strength, increasing the chance of delaying past 2026, though an IPO can still happen for other reasons.","The leader resolves ~11 months earlier and functions as a high-salience, market-moving quality signal about Mistral’s competitive position. If the follower market underreacts (or is slow to update) to the leader’s resolution due to ambiguity about 'best model' definitions and IPO timing, you can capture spread by trading the IPO contract immediately after the leader resolves, before the broader market fully reprices.",801288,676790,2026-01-31T00:00:00Z,334d 0h,334.0
